Test,Statistic,p-value,Result,Error
jarque_bera,1.2729175897671492,0.5291629847377171,Pass,
shapiro_wilk,0.9998172043954808,0.5994962150583565,Pass,
dagostino,1.3047855598245721,0.5207981293811554,Pass,
ljung_box,,,,0
levene,1.4160924624207043,0.23407589304969376,Pass,
breusch_pagan,0.4421700994650113,0.5060768962710291,Pass,
adf,-100.04739639503771,0.0,Pass,
ks_normal,0.9453,0.0,Fail,
