Scenario,mean,median,std_dev,skewness,kurtosis,min,max,range,semi_variance,downside_deviation,VaR_95,CVaR_95,VaR_99,CVaR_99,sharpe_ratio,sortino_ratio
Rate_Hike,4.9737991503207014e-17,-0.07829224543673208,2.5604753704517043,0.07013754255932708,0.05392745804002086,-7.973678979761579,8.613367717379456,16.587046697141034,3.1969198073331553,1.787993234700052,4.213287606392685,5.271632739959249,5.714391010400744,6.709314290820848,1.942529581701562e-17,2.7817773880755706e-17
Rate_Cut,-1.305622276959184e-16,0.00974542947128254,0.2629230640139205,-0.03597659512465493,-0.18670381393159818,-0.8032705536129656,0.8619403935978112,1.6652109472107768,0.03514954439382516,0.18748211753077987,-0.4224173351827834,-0.5251205459186942,-0.5843912452891781,-0.6756942882751312,-4.96579591393343e-16,-6.963982987576581e-16
High_Volatility,-5.684341886080802e-17,-0.02116406192601933,1.8980173584939768,0.060327043178784394,-0.10878680303198429,-5.437013927743716,5.508923984665301,10.945937912409017,1.775607499493292,1.332519230440331,-3.3019707736360813,-3.9717935269229185,-4.430095809744119,-5.041269466477246,-2.994884035513335e-17,-4.265861051928242e-17
Stagflation,-7.105427357601002e-17,0.0021915692180211055,1.2136967782647874,0.027274046900165574,0.17627829343907697,-4.097598664079494,4.130942492379706,8.228541156459201,0.7331577208494032,0.8562462968383591,2.0588644562437177,2.544238972914036,2.763875101320773,3.2060996796818633,-5.85436781644883e-17,-8.298345211929546e-17
